event_id,event_type,customer_id,event_ts,amount,currency,payment_method,status,location,merchant_name,category,fraud_scenario,alert_type,risk_points,fraud_probability,alert_hour
TX01107,transactions,C158,2026-08-12T10:03:16.000Z,5587.0,USD,CARD,SUCCESS,San Francisco,Swift San Francisco,TRANSFER,high_value,HIGH_VALUE_ANOMALY,25,0.9859026670455933,2026-08-12T10:00:00.000Z
TX01098,transactions,C088,2026-08-12T10:22:19.000Z,5410.0,GBP,CARD,SUCCESS,Manchester,Horizon London,FASHION,login_transaction,LOGIN_TRANSACTION_CORRELATION,20,0.9924374222755432,2026-08-12T10:00:00.000Z
TX01077,transactions,C023,2026-08-12T10:42:18.000Z,10458.0,EUR,CARD,SUCCESS,Hong Kong,Swift London,PHARMACY,impossible_travel,IMPOSSIBLE_TRAVEL,30,0.998045802116394,2026-08-12T10:00:00.000Z
PAY00403,payments,C095,2026-08-12T11:02:32.000Z,408.0,INR,CARD,FAILED,,Global Delhi,FASHION,payment_attack,CARD_TESTING_ATTACK,30,0.9891996383666992,2026-08-12T11:00:00.000Z
PAY00404,payments,C095,2026-08-12T11:02:33.000Z,659.0,INR,CARD,FAILED,,Aurora Chennai,UTILITY,payment_attack,CARD_TESTING_ATTACK,30,0.999650239944458,2026-08-12T11:00:00.000Z
PAY00406,payments,C095,2026-08-12T11:02:35.000Z,1286.0,INR,CARD,FAILED,,Quantum Paris,DIGITAL,payment_attack,CARD_TESTING_ATTACK,30,0.9998319149017334,2026-08-12T11:00:00.000Z
PAY00407,payments,C095,2026-08-12T11:02:36.000Z,284.0,INR,WALLET,FAILED,,Metro Kolkata,DIGITAL,payment_attack,CARD_TESTING_ATTACK,30,0.999842643737793,2026-08-12T11:00:00.000Z
PAY00410,payments,C095,2026-08-12T11:02:39.000Z,1136.0,INR,UPI,FAILED,,Aurora Bangalore,PHARMACY,payment_attack,CARD_TESTING_ATTACK,30,0.9998136162757874,2026-08-12T11:00:00.000Z
PAY00405,payments,C095,2026-08-12T11:02:40.000Z,1313.0,INR,CARD,FAILED,,Aurora Hong Kong,UTILITY,payment_attack,CARD_TESTING_ATTACK,30,0.9998319149017334,2026-08-12T11:00:00.000Z
PAY00412,payments,C095,2026-08-12T11:02:41.000Z,727.0,INR,UPI,FAILED,,Swift Hyderabad,GROCERY,payment_attack,CARD_TESTING_ATTACK,30,0.999842643737793,2026-08-12T11:00:00.000Z
PAY00408,payments,C095,2026-08-12T11:02:42.000Z,250.0,INR,WALLET,FAILED,,Swift Hyderabad,GROCERY,payment_attack,CARD_TESTING_ATTACK,30,0.9998168349266052,2026-08-12T11:00:00.000Z
PAY00413,payments,C095,2026-08-12T11:02:42.000Z,851.0,INR,WALLET,FAILED,,Summit Chennai,FUEL,payment_attack,CARD_TESTING_ATTACK,30,0.9998213648796082,2026-08-12T11:00:00.000Z
PAY00409,payments,C095,2026-08-12T11:02:56.000Z,982.0,INR,CARD,FAILED,,Peak Mumbai,UTILITY,payment_attack,CARD_TESTING_ATTACK,30,0.9998440742492676,2026-08-12T11:00:00.000Z
PAY00411,payments,C095,2026-08-12T11:03:04.000Z,1438.0,INR,UPI,FAILED,,Vertex Hong Kong,ELECTRONICS,payment_attack,CARD_TESTING_ATTACK,30,0.9998071789741516,2026-08-12T11:00:00.000Z
PAY00506,payments,C073,2026-08-12T11:03:19.000Z,96.0,EUR,CARD,FAILED,,Peak Mumbai,UTILITY,payment_attack,CARD_TESTING_ATTACK,30,0.9926292896270752,2026-08-12T11:00:00.000Z
PAY00508,payments,C073,2026-08-12T11:03:21.000Z,54.0,EUR,UPI,FAILED,,Horizon Paris,DIGITAL,payment_attack,CARD_TESTING_ATTACK,30,0.9994990825653076,2026-08-12T11:00:00.000Z
PAY00507,payments,C073,2026-08-12T11:03:23.000Z,75.0,EUR,UPI,FAILED,,Quantum Paris,DIGITAL,payment_attack,CARD_TESTING_ATTACK,30,0.999842643737793,2026-08-12T11:00:00.000Z
PAY00510,payments,C073,2026-08-12T11:03:23.000Z,85.0,EUR,UPI,FAILED,,Swift London,PHARMACY,payment_attack,CARD_TESTING_ATTACK,30,0.999842643737793,2026-08-12T11:00:00.000Z
PAY00511,payments,C073,2026-08-12T11:03:24.000Z,28.0,EUR,UPI,FAILED,,Prime Manchester,UTILITY,payment_attack,CARD_TESTING_ATTACK,30,0.999842643737793,2026-08-12T11:00:00.000Z
PAY00509,payments,C073,2026-08-12T11:03:28.000Z,70.0,EUR,CARD,FAILED,,Horizon Paris,DIGITAL,payment_attack,CARD_TESTING_ATTACK,30,0.9998403787612915,2026-08-12T11:00:00.000Z
PAY00516,payments,C073,2026-08-12T11:03:29.000Z,124.0,EUR,CARD,FAILED,,Horizon Paris,DIGITAL,payment_attack,CARD_TESTING_ATTACK,30,0.9998403787612915,2026-08-12T11:00:00.000Z
PAY00513,payments,C073,2026-08-12T11:03:33.000Z,55.0,EUR,CARD,FAILED,,Horizon Paris,DIGITAL,payment_attack,CARD_TESTING_ATTACK,30,0.9998403787612915,2026-08-12T11:00:00.000Z
PAY00514,payments,C073,2026-08-12T11:03:35.000Z,23.0,EUR,CARD,FAILED,,Horizon Paris,DIGITAL,payment_attack,CARD_TESTING_ATTACK,30,0.9998403787612915,2026-08-12T11:00:00.000Z
PAY00512,payments,C073,2026-08-12T11:03:43.000Z,43.0,EUR,CARD,FAILED,,Quantum Paris,GROCERY,payment_attack,CARD_TESTING_ATTACK,30,0.9998629093170166,2026-08-12T11:00:00.000Z
PAY00515,payments,C073,2026-08-12T11:03:46.000Z,115.0,EUR,UPI,FAILED,,Horizon Paris,DIGITAL,payment_attack,CARD_TESTING_ATTACK,30,0.9998168349266052,2026-08-12T11:00:00.000Z
PAY00517,payments,C073,2026-08-12T11:04:03.000Z,49.0,EUR,CARD,FAILED,,Swift London,PHARMACY,payment_attack,CARD_TESTING_ATTACK,30,0.9992740750312805,2026-08-12T11:00:00.000Z
TX01079,transactions,C115,2026-08-12T12:20:24.000Z,84703.0,INR,CARD,SUCCESS,New York,Summit Chennai,FUEL,impossible_travel,IMPOSSIBLE_TRAVEL,30,0.9927197694778442,2026-08-12T12:00:00.000Z
TX01105,transactions,C134,2026-08-12T12:23:00.000Z,34371.0,USD,WALLET,SUCCESS,Chicago,Summit New York,RETAIL,high_value,HIGH_VALUE_ANOMALY,25,0.9923809170722961,2026-08-12T12:00:00.000Z
TX01083,transactions,C038,2026-08-12T12:30:08.000Z,6289.0,SGD,PAY_LATER,SUCCESS,New York,Prime Manchester,UTILITY,impossible_travel,IMPOSSIBLE_TRAVEL,30,0.9810189008712769,2026-08-12T12:00:00.000Z
TX01031,transactions,C169,2026-08-12T12:51:26.000Z,6858.0,INR,WALLET,SUCCESS,Chennai,Metro Kolkata,DIGITAL,velocity,HIGH_TRANSACTION_VELOCITY,25,0.9435069561004639,2026-08-12T12:00:00.000Z
TX01032,transactions,C169,2026-08-12T12:51:31.000Z,10546.0,INR,UPI,SUCCESS,Chennai,Nova Bangalore,PHARMACY,velocity,HIGH_TRANSACTION_VELOCITY,25,0.9926586747169495,2026-08-12T12:00:00.000Z
TX01033,transactions,C169,2026-08-12T12:51:50.000Z,29709.0,INR,WALLET,SUCCESS,Chennai,Aurora Bangalore,PHARMACY,velocity,HIGH_TRANSACTION_VELOCITY,25,0.9990686774253845,2026-08-12T12:00:00.000Z
TX01034,transactions,C169,2026-08-12T12:51:59.000Z,33762.0,INR,PAY_LATER,SUCCESS,Chennai,Swift Bangalore,RETAIL,velocity,HIGH_TRANSACTION_VELOCITY,25,0.999819815158844,2026-08-12T12:00:00.000Z
TX01035,transactions,C169,2026-08-12T12:52:02.000Z,6517.0,INR,WALLET,SUCCESS,Chennai,Quantum Hyderabad,FASHION,velocity,HIGH_TRANSACTION_VELOCITY,25,0.9967526197433472,2026-08-12T12:00:00.000Z
TX01036,transactions,C169,2026-08-12T12:52:06.000Z,10333.0,INR,CARD,SUCCESS,Chennai,Summit Hong Kong,ELECTRONICS,velocity,HIGH_TRANSACTION_VELOCITY,25,0.9985098242759705,2026-08-12T12:00:00.000Z
TX01037,transactions,C169,2026-08-12T12:52:32.000Z,30127.0,INR,UPI,SUCCESS,Chennai,Quantum Hyderabad,FASHION,velocity,HIGH_TRANSACTION_VELOCITY,25,0.9992979764938354,2026-08-12T12:00:00.000Z
TX01099,transactions,C161,2026-08-12T14:51:30.000Z,4161.0,SGD,CARD,SUCCESS,Singapore,Metro Singapore,GROCERY,login_transaction,LOGIN_TRANSACTION_CORRELATION,20,0.9947752952575684,2026-08-12T14:00:00.000Z
TX01081,transactions,C048,2026-08-12T14:55:05.000Z,48528.0,INR,NETBANKING,SUCCESS,Paris,Horizon Bangalore,TRAVEL,impossible_travel,IMPOSSIBLE_TRAVEL,30,0.9767860174179077,2026-08-12T14:00:00.000Z
TX01092,transactions,C054,2026-08-12T15:44:32.000Z,18014.0,INR,UPI,SUCCESS,Hyderabad,Quantum Hyderabad,FASHION,login_transaction,LOGIN_TRANSACTION_CORRELATION,20,0.977897584438324,2026-08-12T15:00:00.000Z
TX01104,transactions,C135,2026-08-12T16:39:54.000Z,58688.0,INR,CARD,SUCCESS,Delhi,Bright Delhi,FOOD,high_value,HIGH_VALUE_ANOMALY,25,0.9949565529823303,2026-08-12T16:00:00.000Z
TX01051,transactions,C035,2026-08-12T16:52:21.000Z,4169.0,GBP,CARD,SUCCESS,Manchester,Horizon London,FASHION,velocity,HIGH_TRANSACTION_VELOCITY,25,0.9434303641319275,2026-08-12T16:00:00.000Z
TX01052,transactions,C035,2026-08-12T16:52:28.000Z,5652.0,GBP,WALLET,SUCCESS,London,Global Manchester,FUEL,velocity,HIGH_TRANSACTION_VELOCITY,25,0.9988592863082886,2026-08-12T16:00:00.000Z
TX01053,transactions,C035,2026-08-12T16:52:31.000Z,13657.0,GBP,UPI,SUCCESS,Manchester,Global Singapore,TRAVEL,velocity,HIGH_TRANSACTION_VELOCITY,25,0.999774158000946,2026-08-12T16:00:00.000Z
TX01054,transactions,C035,2026-08-12T16:52:45.000Z,8686.0,GBP,NETBANKING,SUCCESS,Manchester,Swift London,PHARMACY,velocity,HIGH_TRANSACTION_VELOCITY,25,0.9997370839118958,2026-08-12T16:00:00.000Z
TX01055,transactions,C035,2026-08-12T16:52:49.000Z,1966.0,GBP,CARD,SUCCESS,Manchester,Summit Hong Kong,FASHION,velocity,HIGH_TRANSACTION_VELOCITY,25,0.9982829093933105,2026-08-12T16:00:00.000Z
TX01056,transactions,C035,2026-08-12T16:52:56.000Z,5213.0,GBP,CARD,SUCCESS,Manchester,Horizon London,FASHION,velocity,HIGH_TRANSACTION_VELOCITY,25,0.9998291730880737,2026-08-12T16:00:00.000Z
TX01057,transactions,C035,2026-08-12T16:53:33.000Z,5216.0,GBP,UPI,SUCCESS,Manchester,Metro Manchester,ENTERTAINMENT,velocity,HIGH_TRANSACTION_VELOCITY,25,0.9991881251335144,2026-08-12T16:00:00.000Z
TX01101,transactions,C028,2026-08-12T17:18:59.000Z,3338.0,SGD,UPI,SUCCESS,Singapore,Swift Bangalore,RETAIL,login_transaction,LOGIN_TRANSACTION_CORRELATION,20,0.9956272840499878,2026-08-12T17:00:00.000Z
TX01097,transactions,C111,2026-08-12T17:19:56.000Z,38166.0,INR,UPI,SUCCESS,Delhi,Aurora Chennai,UTILITY,login_transaction,LOGIN_TRANSACTION_CORRELATION,20,0.9966750144958496,2026-08-12T17:00:00.000Z
TX01045,transactions,C093,2026-08-12T17:54:29.000Z,5549.0,USD,CARD,SUCCESS,Chicago,Swift New York,FUEL,velocity,HIGH_TRANSACTION_VELOCITY,25,0.9526886343955994,2026-08-12T17:00:00.000Z
TX01046,transactions,C093,2026-08-12T17:54:41.000Z,6633.0,USD,UPI,SUCCESS,Chicago,Prime New York,ENTERTAINMENT,velocity,HIGH_TRANSACTION_VELOCITY,25,0.9982220530509949,2026-08-12T17:00:00.000Z
TX01047,transactions,C093,2026-08-12T17:54:51.000Z,6058.0,USD,WALLET,SUCCESS,New York,Swift New York,FUEL,velocity,HIGH_TRANSACTION_VELOCITY,25,0.9995020627975464,2026-08-12T17:00:00.000Z
TX01049,transactions,C093,2026-08-12T17:54:57.000Z,6804.0,USD,WALLET,SUCCESS,Chicago,Swift London,PHARMACY,velocity,HIGH_TRANSACTION_VELOCITY,25,0.9994839429855347,2026-08-12T17:00:00.000Z
TX01048,transactions,C093,2026-08-12T17:55:02.000Z,2444.0,USD,CARD,SUCCESS,Chicago,Metro Tokyo,TRAVEL,velocity,HIGH_TRANSACTION_VELOCITY,25,0.9981929659843445,2026-08-12T17:00:00.000Z
TX01050,transactions,C093,2026-08-12T17:55:44.000Z,6089.0,USD,CARD,SUCCESS,Chicago,Swift New York,FUEL,velocity,HIGH_TRANSACTION_VELOCITY,25,0.995995283126831,2026-08-12T17:00:00.000Z
TX01109,transactions,C153,2026-08-12T18:17:10.000Z,245208.0,INR,CARD,SUCCESS,Chennai,Aurora Dubai,DIGITAL,high_value,HIGH_VALUE_ANOMALY,25,0.9902757406234741,2026-08-12T18:00:00.000Z
TX01106,transactions,C071,2026-08-12T18:22:16.000Z,401882.0,INR,PAY_LATER,SUCCESS,Mumbai,Prime Manchester,UTILITY,high_value,HIGH_VALUE_ANOMALY,25,0.9925758838653564,2026-08-12T18:00:00.000Z
PAY00446,payments,C057,2026-08-12T18:57:32.000Z,79.0,GBP,CARD,FAILED,,Global Manchester,FUEL,payment_attack,CARD_TESTING_ATTACK,30,0.990564227104187,2026-08-12T18:00:00.000Z
PAY00447,payments,C057,2026-08-12T18:57:35.000Z,53.0,GBP,WALLET,FAILED,,Summit Hong Kong,FASHION,payment_attack,CARD_TESTING_ATTACK,30,0.9998165965080261,2026-08-12T18:00:00.000Z
PAY00448,payments,C057,2026-08-12T18:57:38.000Z,60.0,GBP,CARD,FAILED,,Metro Manchester,ENTERTAINMENT,payment_attack,CARD_TESTING_ATTACK,30,0.9998164772987366,2026-08-12T18:00:00.000Z
PAY00449,payments,C057,2026-08-12T18:57:44.000Z,72.0,GBP,UPI,FAILED,,Prime Manchester,UTILITY,payment_attack,CARD_TESTING_ATTACK,30,0.9998165965080261,2026-08-12T18:00:00.000Z
PAY00450,payments,C057,2026-08-12T18:57:44.000Z,31.0,GBP,CARD,FAILED,,Prime Manchester,UTILITY,payment_attack,CARD_TESTING_ATTACK,30,0.9998164772987366,2026-08-12T18:00:00.000Z
PAY00452,payments,C057,2026-08-12T18:57:44.000Z,68.0,GBP,CARD,FAILED,,Metro Manchester,ENTERTAINMENT,payment_attack,CARD_TESTING_ATTACK,30,0.9998164772987366,2026-08-12T18:00:00.000Z
PAY00451,payments,C057,2026-08-12T18:57:52.000Z,14.0,GBP,CARD,FAILED,,Metro Manchester,ENTERTAINMENT,payment_attack,CARD_TESTING_ATTACK,30,0.9998164772987366,2026-08-12T18:00:00.000Z
PAY00453,payments,C057,2026-08-12T18:57:53.000Z,35.0,GBP,CARD,FAILED,,Horizon Paris,DIGITAL,payment_attack,CARD_TESTING_ATTACK,30,0.9998447895050049,2026-08-12T18:00:00.000Z
PAY00457,payments,C057,2026-08-12T18:57:54.000Z,34.0,GBP,UPI,FAILED,,Aurora Chennai,UTILITY,payment_attack,CARD_TESTING_ATTACK,30,0.9998165965080261,2026-08-12T18:00:00.000Z
PAY00454,payments,C057,2026-08-12T18:57:56.000Z,75.0,GBP,UPI,FAILED,,Horizon London,FASHION,payment_attack,CARD_TESTING_ATTACK,30,0.9998165965080261,2026-08-12T18:00:00.000Z
PAY00458,payments,C057,2026-08-12T18:57:56.000Z,54.0,GBP,CARD,FAILED,,Prime Manchester,UTILITY,payment_attack,CARD_TESTING_ATTACK,30,0.9998164772987366,2026-08-12T18:00:00.000Z
PAY00455,payments,C057,2026-08-12T18:57:59.000Z,36.0,GBP,CARD,FAILED,,Horizon London,FASHION,payment_attack,CARD_TESTING_ATTACK,30,0.9998164772987366,2026-08-12T18:00:00.000Z
PAY00456,payments,C057,2026-08-12T18:58:02.000Z,42.0,GBP,CARD,FAILED,,Horizon London,FASHION,payment_attack,CARD_TESTING_ATTACK,30,0.9998164772987366,2026-08-12T18:00:00.000Z
PAY00459,payments,C057,2026-08-12T18:58:24.000Z,77.0,GBP,CARD,FAILED,,Metro Singapore,GROCERY,payment_attack,CARD_TESTING_ATTACK,30,0.9995328187942505,2026-08-12T18:00:00.000Z
TX01094,transactions,C170,2026-08-12T19:31:00.000Z,181710.0,INR,CARD,SUCCESS,Chennai,Bright Sydney,TRAVEL,login_transaction,LOGIN_TRANSACTION_CORRELATION,20,0.9947481751441956,2026-08-12T19:00:00.000Z
TX01110,transactions,C139,2026-08-12T19:40:51.000Z,27295.0,INR,UPI,SUCCESS,Mumbai,Metro Kolkata,DIGITAL,high_value,HIGH_VALUE_ANOMALY,25,0.9976730942726135,2026-08-12T19:00:00.000Z
TX01058,transactions,C104,2026-08-12T20:50:36.000Z,33731.0,INR,WALLET,SUCCESS,Bangalore,Summit Chennai,FUEL,velocity,HIGH_TRANSACTION_VELOCITY,25,0.9631462693214417,2026-08-12T20:00:00.000Z
TX01059,transactions,C104,2026-08-12T20:50:44.000Z,43127.0,INR,CARD,SUCCESS,Delhi,Bright Delhi,FOOD,velocity,HIGH_TRANSACTION_VELOCITY,25,0.9975940585136414,2026-08-12T20:00:00.000Z
TX01060,transactions,C104,2026-08-12T20:50:48.000Z,46873.0,INR,CARD,SUCCESS,Delhi,Swift New York,FUEL,velocity,HIGH_TRANSACTION_VELOCITY,25,0.9994082450866699,2026-08-12T20:00:00.000Z
TX01062,transactions,C104,2026-08-12T20:50:56.000Z,81465.0,INR,WALLET,SUCCESS,Delhi,Prime Hyderabad,UTILITY,velocity,HIGH_TRANSACTION_VELOCITY,25,0.9997796416282654,2026-08-12T20:00:00.000Z
TX01061,transactions,C104,2026-08-12T20:51:00.000Z,68225.0,INR,CARD,SUCCESS,Bangalore,Peak Chennai,DIGITAL,velocity,HIGH_TRANSACTION_VELOCITY,25,0.999883770942688,2026-08-12T20:00:00.000Z
TX01085,transactions,C076,2026-08-12T20:51:09.000Z,49642.0,INR,CARD,SUCCESS,Singapore,Swift Hyderabad,GROCERY,impossible_travel,IMPOSSIBLE_TRAVEL,30,0.9943713545799255,2026-08-12T20:00:00.000Z
TX01063,transactions,C104,2026-08-12T20:51:41.000Z,43709.0,INR,NETBANKING,SUCCESS,Delhi,Quantum Hyderabad,FASHION,velocity,HIGH_TRANSACTION_VELOCITY,25,0.9938276410102844,2026-08-12T20:00:00.000Z
TX01001,transactions,C003,2026-08-12T21:15:44.000Z,2973.0,INR,PAY_LATER,SUCCESS,Mumbai,Swift New York,FUEL,velocity,HIGH_TRANSACTION_VELOCITY,25,0.9490737915039062,2026-08-12T21:00:00.000Z
TX01002,transactions,C003,2026-08-12T21:15:55.000Z,4385.0,INR,CARD,SUCCESS,Mumbai,Quantum Hyderabad,FASHION,velocity,HIGH_TRANSACTION_VELOCITY,25,0.9966371059417725,2026-08-12T21:00:00.000Z
TX01003,transactions,C003,2026-08-12T21:16:14.000Z,8546.0,INR,UPI,SUCCESS,Mumbai,Prime Hyderabad,UTILITY,velocity,HIGH_TRANSACTION_VELOCITY,25,0.9976584911346436,2026-08-12T21:00:00.000Z
TX01007,transactions,C003,2026-08-12T21:16:14.000Z,2700.0,INR,WALLET,SUCCESS,Mumbai,Horizon Bangalore,TRAVEL,velocity,HIGH_TRANSACTION_VELOCITY,25,0.999038577079773,2026-08-12T21:00:00.000Z
TX01004,transactions,C003,2026-08-12T21:16:23.000Z,2712.0,INR,NETBANKING,SUCCESS,Mumbai,Peak Chennai,DIGITAL,velocity,HIGH_TRANSACTION_VELOCITY,25,0.99904865026474,2026-08-12T21:00:00.000Z
TX01006,transactions,C003,2026-08-12T21:16:29.000Z,8672.0,INR,CARD,SUCCESS,Mumbai,Bright Delhi,FOOD,velocity,HIGH_TRANSACTION_VELOCITY,25,0.999419093132019,2026-08-12T21:00:00.000Z
TX01008,transactions,C003,2026-08-12T21:16:40.000Z,5453.0,INR,WALLET,SUCCESS,Bangalore,Global Delhi,FASHION,velocity,HIGH_TRANSACTION_VELOCITY,25,0.9993639588356018,2026-08-12T21:00:00.000Z
TX01005,transactions,C003,2026-08-12T21:16:44.000Z,2042.0,INR,CARD,SUCCESS,Mumbai,Metro Kolkata,DIGITAL,velocity,HIGH_TRANSACTION_VELOCITY,25,0.9971666932106018,2026-08-12T21:00:00.000Z
TX01095,transactions,C090,2026-08-12T21:52:09.000Z,24759.0,INR,PAY_LATER,SUCCESS,Hyderabad,Prime Hyderabad,UTILITY,login_transaction,LOGIN_TRANSACTION_CORRELATION,20,0.9634026288986206,2026-08-12T21:00:00.000Z
TX01111,transactions,C150,2026-08-12T22:26:31.000Z,669189.0,INR,CARD,SUCCESS,Mumbai,Bright Delhi,FOOD,high_value,HIGH_VALUE_ANOMALY,25,0.9705811738967896,2026-08-12T22:00:00.000Z
TX01009,transactions,C098,2026-08-12T22:33:47.000Z,2799.0,GBP,UPI,SUCCESS,London,Swift Bangalore,RETAIL,velocity,HIGH_TRANSACTION_VELOCITY,25,0.9311395287513733,2026-08-12T22:00:00.000Z
TX01010,transactions,C098,2026-08-12T22:33:52.000Z,2604.0,GBP,CARD,SUCCESS,London,Global Manchester,FUEL,velocity,HIGH_TRANSACTION_VELOCITY,25,0.9962618947029114,2026-08-12T22:00:00.000Z
TX01011,transactions,C098,2026-08-12T22:34:07.000Z,2042.0,GBP,NETBANKING,SUCCESS,London,Aurora Chennai,UTILITY,velocity,HIGH_TRANSACTION_VELOCITY,25,0.9987928867340088,2026-08-12T22:00:00.000Z
TX01012,transactions,C098,2026-08-12T22:34:32.000Z,3027.0,GBP,CARD,SUCCESS,London,Swift London,PHARMACY,velocity,HIGH_TRANSACTION_VELOCITY,25,0.9952738881111145,2026-08-12T22:00:00.000Z
TX01013,transactions,C098,2026-08-12T22:34:47.000Z,5220.0,GBP,UPI,SUCCESS,London,Swift London,PHARMACY,velocity,HIGH_TRANSACTION_VELOCITY,25,0.9994307160377502,2026-08-12T22:00:00.000Z
TX01014,transactions,C098,2026-08-12T22:34:52.000Z,3925.0,GBP,CARD,SUCCESS,London,Summit Hong Kong,FASHION,velocity,HIGH_TRANSACTION_VELOCITY,25,0.9983080625534058,2026-08-12T22:00:00.000Z
PAY00491,payments,C130,2026-08-12T23:06:00.000Z,170.0,AED,CARD,FAILED,,Metro Manchester,ENTERTAINMENT,payment_attack,CARD_TESTING_ATTACK,30,0.9914702773094177,2026-08-12T23:00:00.000Z
PAY00492,payments,C130,2026-08-12T23:06:01.000Z,155.0,AED,CARD,FAILED,,Aurora Berlin,FUEL,payment_attack,CARD_TESTING_ATTACK,30,0.9996272325515747,2026-08-12T23:00:00.000Z
PAY00495,payments,C130,2026-08-12T23:06:04.000Z,112.0,AED,WALLET,FAILED,,Summit Dubai,ELECTRONICS,payment_attack,CARD_TESTING_ATTACK,30,0.9997994303703308,2026-08-12T23:00:00.000Z
PAY00494,payments,C130,2026-08-12T23:06:06.000Z,186.0,AED,CARD,FAILED,,Aurora Dubai,DIGITAL,payment_attack,CARD_TESTING_ATTACK,30,0.9998483657836914,2026-08-12T23:00:00.000Z
PAY00493,payments,C130,2026-08-12T23:06:08.000Z,233.0,AED,WALLET,FAILED,,Summit Dubai,ELECTRONICS,payment_attack,CARD_TESTING_ATTACK,30,0.9997994303703308,2026-08-12T23:00:00.000Z
PAY00503,payments,C130,2026-08-12T23:06:12.000Z,123.0,AED,CARD,FAILED,,Swift Dubai,TRANSFER,payment_attack,CARD_TESTING_ATTACK,30,0.9998483657836914,2026-08-12T23:00:00.000Z
PAY00498,payments,C130,2026-08-12T23:06:14.000Z,190.0,AED,UPI,FAILED,,Summit Dubai,ELECTRONICS,payment_attack,CARD_TESTING_ATTACK,30,0.9997994303703308,2026-08-12T23:00:00.000Z
PAY00500,payments,C130,2026-08-12T23:06:18.000Z,128.0,AED,CARD,FAILED,,Peak Chicago,TRANSFER,payment_attack,CARD_TESTING_ATTACK,30,0.9998483657836914,2026-08-12T23:00:00.000Z
PAY00496,payments,C130,2026-08-12T23:06:20.000Z,173.0,AED,UPI,FAILED,,Swift Dubai,TRANSFER,payment_attack,CARD_TESTING_ATTACK,30,0.9997994303703308,2026-08-12T23:00:00.000Z
PAY00497,payments,C130,2026-08-12T23:06:24.000Z,89.0,AED,UPI,FAILED,,Summit Dubai,ELECTRONICS,payment_attack,CARD_TESTING_ATTACK,30,0.9997994303703308,2026-08-12T23:00:00.000Z
PAY00499,payments,C130,2026-08-12T23:06:32.000Z,92.0,AED,CARD,FAILED,,Quantum Dubai,ELECTRONICS,payment_attack,CARD_TESTING_ATTACK,30,0.9998206496238708,2026-08-12T23:00:00.000Z
PAY00501,payments,C130,2026-08-12T23:06:40.000Z,137.0,AED,CARD,FAILED,,Summit Dubai,ELECTRONICS,payment_attack,CARD_TESTING_ATTACK,30,0.9998206496238708,2026-08-12T23:00:00.000Z
PAY00502,payments,C130,2026-08-12T23:06:44.000Z,148.0,AED,CARD,FAILED,,Swift Dubai,TRANSFER,payment_attack,CARD_TESTING_ATTACK,30,0.9998206496238708,2026-08-12T23:00:00.000Z
TX01102,transactions,C110,2026-08-12T23:49:47.000Z,25325.0,GBP,CARD,SUCCESS,London,Horizon Chicago,GROCERY,high_value,HIGH_VALUE_ANOMALY,25,0.9927186965942383,2026-08-12T23:00:00.000Z
PAY00432,payments,C015,2026-08-13T00:18:42.000Z,102.0,GBP,CARD,FAILED,,Horizon London,FASHION,payment_attack,CARD_TESTING_ATTACK,30,0.9937191009521484,2026-08-13T00:00:00.000Z
PAY00433,payments,C015,2026-08-13T00:18:44.000Z,57.0,GBP,CARD,FAILED,,Metro Manchester,ENTERTAINMENT,payment_attack,CARD_TESTING_ATTACK,30,0.9996275901794434,2026-08-13T00:00:00.000Z
PAY00434,payments,C015,2026-08-13T00:18:44.000Z,73.0,GBP,CARD,FAILED,,Horizon London,FASHION,payment_attack,CARD_TESTING_ATTACK,30,0.999849796295166,2026-08-13T00:00:00.000Z
PAY00438,payments,C015,2026-08-13T00:18:48.000Z,120.0,GBP,WALLET,FAILED,,Summit New York,RETAIL,payment_attack,CARD_TESTING_ATTACK,30,0.9998553991317749,2026-08-13T00:00:00.000Z
PAY00435,payments,C015,2026-08-13T00:18:51.000Z,37.0,GBP,WALLET,FAILED,,Swift London,PHARMACY,payment_attack,CARD_TESTING_ATTACK,30,0.9998553991317749,2026-08-13T00:00:00.000Z
PAY00441,payments,C015,2026-08-13T00:18:51.000Z,94.0,GBP,UPI,FAILED,,Horizon London,FASHION,payment_attack,CARD_TESTING_ATTACK,30,0.9998319149017334,2026-08-13T00:00:00.000Z
PAY00436,payments,C015,2026-08-13T00:18:58.000Z,84.0,GBP,CARD,FAILED,,Metro Manchester,ENTERTAINMENT,payment_attack,CARD_TESTING_ATTACK,30,0.999849796295166,2026-08-13T00:00:00.000Z
PAY00440,payments,C015,2026-08-13T00:18:58.000Z,70.0,GBP,CARD,FAILED,,Metro Manchester,ENTERTAINMENT,payment_attack,CARD_TESTING_ATTACK,30,0.999849796295166,2026-08-13T00:00:00.000Z
PAY00437,payments,C015,2026-08-13T00:19:02.000Z,39.0,GBP,UPI,FAILED,,Prime Manchester,UTILITY,payment_attack,CARD_TESTING_ATTACK,30,0.9998319149017334,2026-08-13T00:00:00.000Z
PAY00439,payments,C015,2026-08-13T00:19:10.000Z,36.0,GBP,CARD,FAILED,,Swift Dubai,TRANSFER,payment_attack,CARD_TESTING_ATTACK,30,0.9998708963394165,2026-08-13T00:00:00.000Z
PAY00442,payments,C015,2026-08-13T00:19:12.000Z,53.0,GBP,CARD,FAILED,,Swift Bangalore,RETAIL,payment_attack,CARD_TESTING_ATTACK,30,0.9998708963394165,2026-08-13T00:00:00.000Z
PAY00443,payments,C015,2026-08-13T00:19:26.000Z,92.0,GBP,CARD,FAILED,,Prime Hyderabad,UTILITY,payment_attack,CARD_TESTING_ATTACK,30,0.9998706579208374,2026-08-13T00:00:00.000Z
TX01103,transactions,C092,2026-08-13T00:32:10.000Z,132219.0,INR,WALLET,SUCCESS,Chennai,Horizon Paris,DIGITAL,high_value,HIGH_VALUE_ANOMALY,25,0.983345627784729,2026-08-13T00:00:00.000Z
TX01089,transactions,C173,2026-08-13T01:03:02.000Z,3390.0,GBP,CARD,SUCCESS,Singapore,Swift London,PHARMACY,impossible_travel,IMPOSSIBLE_TRAVEL,30,0.9869521856307983,2026-08-13T01:00:00.000Z
PAY00462,payments,C154,2026-08-13T01:04:01.000Z,305.0,EUR,CARD,FAILED,,Horizon London,FASHION,payment_attack,CARD_TESTING_ATTACK,30,0.9916793704032898,2026-08-13T01:00:00.000Z
PAY00463,payments,C154,2026-08-13T01:04:04.000Z,152.0,EUR,CARD,FAILED,,Aurora Berlin,FUEL,payment_attack,CARD_TESTING_ATTACK,30,0.9996275901794434,2026-08-13T01:00:00.000Z
PAY00464,payments,C154,2026-08-13T01:04:05.000Z,364.0,EUR,WALLET,FAILED,,Prime Sydney,GROCERY,payment_attack,CARD_TESTING_ATTACK,30,0.9998553991317749,2026-08-13T01:00:00.000Z
PAY00466,payments,C154,2026-08-13T01:04:05.000Z,121.0,EUR,CARD,FAILED,,Aurora Berlin,ENTERTAINMENT,payment_attack,CARD_TESTING_ATTACK,30,0.999849796295166,2026-08-13T01:00:00.000Z
PAY00465,payments,C154,2026-08-13T01:04:10.000Z,138.0,EUR,WALLET,FAILED,,Horizon Paris,DIGITAL,payment_attack,CARD_TESTING_ATTACK,30,0.9998553991317749,2026-08-13T01:00:00.000Z
PAY00471,payments,C154,2026-08-13T01:04:10.000Z,163.0,EUR,UPI,FAILED,,Prime Hong Kong,FOOD,payment_attack,CARD_TESTING_ATTACK,30,0.9998553991317749,2026-08-13T01:00:00.000Z
PAY00467,payments,C154,2026-08-13T01:04:11.000Z,213.0,EUR,UPI,FAILED,,Aurora Berlin,FUEL,payment_attack,CARD_TESTING_ATTACK,30,0.9998319149017334,2026-08-13T01:00:00.000Z
PAY00472,payments,C154,2026-08-13T01:04:11.000Z,279.0,EUR,CARD,FAILED,,Aurora Berlin,ENTERTAINMENT,payment_attack,CARD_TESTING_ATTACK,30,0.999849796295166,2026-08-13T01:00:00.000Z
PAY00468,payments,C154,2026-08-13T01:04:13.000Z,267.0,EUR,WALLET,FAILED,,Swift New York,FUEL,payment_attack,CARD_TESTING_ATTACK,30,0.9998553991317749,2026-08-13T01:00:00.000Z
PAY00474,payments,C154,2026-08-13T01:04:13.000Z,399.0,EUR,CARD,FAILED,,Aurora Berlin,FUEL,payment_attack,CARD_TESTING_ATTACK,30,0.999849796295166,2026-08-13T01:00:00.000Z
PAY00470,payments,C154,2026-08-13T01:04:17.000Z,268.0,EUR,CARD,FAILED,,Aurora Berlin,FUEL,payment_attack,CARD_TESTING_ATTACK,30,0.999849796295166,2026-08-13T01:00:00.000Z
PAY00469,payments,C154,2026-08-13T01:04:22.000Z,110.0,EUR,CARD,FAILED,,Aurora Berlin,FUEL,payment_attack,CARD_TESTING_ATTACK,30,0.999849796295166,2026-08-13T01:00:00.000Z
PAY00473,payments,C154,2026-08-13T01:04:34.000Z,193.0,EUR,UPI,FAILED,,Aurora Berlin,ENTERTAINMENT,payment_attack,CARD_TESTING_ATTACK,30,0.9998315572738647,2026-08-13T01:00:00.000Z
TX01093,transactions,C103,2026-08-13T01:13:34.000Z,20689.0,INR,CARD,SUCCESS,Hyderabad,Swift Mumbai,FUEL,login_transaction,LOGIN_TRANSACTION_CORRELATION,20,0.0017250272212550044,2026-08-13T01:00:00.000Z
TX01100,transactions,C152,2026-08-13T01:35:29.000Z,14300.0,USD,WALLET,SUCCESS,Chicago,Peak San Francisco,UTILITY,login_transaction,LOGIN_TRANSACTION_CORRELATION,20,0.9864814281463623,2026-08-13T01:00:00.000Z
PAY00416,payments,C008,2026-08-13T01:37:31.000Z,73.0,GBP,CARD,FAILED,,Metro Manchester,ENTERTAINMENT,payment_attack,CARD_TESTING_ATTACK,30,0.9943260550498962,2026-08-13T01:00:00.000Z
PAY00417,payments,C008,2026-08-13T01:37:35.000Z,70.0,GBP,CARD,FAILED,,Metro Manchester,ENTERTAINMENT,payment_attack,CARD_TESTING_ATTACK,30,0.9996275901794434,2026-08-13T01:00:00.000Z
PAY00418,payments,C008,2026-08-13T01:37:35.000Z,71.0,GBP,WALLET,FAILED,,Prime Manchester,UTILITY,payment_attack,CARD_TESTING_ATTACK,30,0.9998553991317749,2026-08-13T01:00:00.000Z
PAY00420,payments,C008,2026-08-13T01:37:35.000Z,73.0,GBP,UPI,FAILED,,Swift London,PHARMACY,payment_attack,CARD_TESTING_ATTACK,30,0.9998319149017334,2026-08-13T01:00:00.000Z
PAY00421,payments,C008,2026-08-13T01:37:36.000Z,37.0,GBP,CARD,FAILED,,Prime Manchester,UTILITY,payment_attack,CARD_TESTING_ATTACK,30,0.999849796295166,2026-08-13T01:00:00.000Z
PAY00423,payments,C008,2026-08-13T01:37:38.000Z,82.0,GBP,CARD,FAILED,,Metro Manchester,ENTERTAINMENT,payment_attack,CARD_TESTING_ATTACK,30,0.999849796295166,2026-08-13T01:00:00.000Z
PAY00424,payments,C008,2026-08-13T01:37:39.000Z,57.0,GBP,WALLET,FAILED,,Global Singapore,TRAVEL,payment_attack,CARD_TESTING_ATTACK,30,0.9998553991317749,2026-08-13T01:00:00.000Z
PAY00419,payments,C008,2026-08-13T01:37:40.000Z,41.0,GBP,UPI,FAILED,,Metro Manchester,ENTERTAINMENT,payment_attack,CARD_TESTING_ATTACK,30,0.9998319149017334,2026-08-13T01:00:00.000Z
PAY00422,payments,C008,2026-08-13T01:37:43.000Z,70.0,GBP,CARD,FAILED,,Peak New York,PHARMACY,payment_attack,CARD_TESTING_ATTACK,30,0.9998708963394165,2026-08-13T01:00:00.000Z
PAY00429,payments,C008,2026-08-13T01:37:44.000Z,28.0,GBP,CARD,FAILED,,Horizon London,FASHION,payment_attack,CARD_TESTING_ATTACK,30,0.999849796295166,2026-08-13T01:00:00.000Z
PAY00426,payments,C008,2026-08-13T01:37:51.000Z,85.0,GBP,CARD,FAILED,,Summit Toronto,ELECTRONICS,payment_attack,CARD_TESTING_ATTACK,30,0.9998708963394165,2026-08-13T01:00:00.000Z
PAY00425,payments,C008,2026-08-13T01:37:58.000Z,36.0,GBP,CARD,FAILED,,Prime Manchester,UTILITY,payment_attack,CARD_TESTING_ATTACK,30,0.999849796295166,2026-08-13T01:00:00.000Z
PAY00427,payments,C008,2026-08-13T01:38:04.000Z,117.0,GBP,CARD,FAILED,,Horizon London,FASHION,payment_attack,CARD_TESTING_ATTACK,30,0.999849796295166,2026-08-13T01:00:00.000Z
PAY00428,payments,C008,2026-08-13T01:38:19.000Z,31.0,GBP,CARD,FAILED,,Global Manchester,FUEL,payment_attack,CARD_TESTING_ATTACK,30,0.9998700618743896,2026-08-13T01:00:00.000Z
TX01015,transactions,C067,2026-08-13T01:41:03.000Z,57275.0,INR,PAY_LATER,SUCCESS,Delhi,Horizon Bangalore,TRAVEL,velocity,HIGH_TRANSACTION_VELOCITY,25,0.9973107576370239,2026-08-13T01:00:00.000Z
TX01017,transactions,C067,2026-08-13T01:41:13.000Z,66978.0,INR,NETBANKING,SUCCESS,Delhi,Swift Bangalore,RETAIL,velocity,HIGH_TRANSACTION_VELOCITY,25,0.9996304512023926,2026-08-13T01:00:00.000Z
TX01016,transactions,C067,2026-08-13T01:41:15.000Z,61969.0,INR,CARD,SUCCESS,Delhi,Summit Hong Kong,ELECTRONICS,velocity,HIGH_TRANSACTION_VELOCITY,25,0.9994428753852844,2026-08-13T01:00:00.000Z
TX01019,transactions,C067,2026-08-13T01:41:35.000Z,32182.0,INR,CARD,SUCCESS,Delhi,Swift New York,FUEL,velocity,HIGH_TRANSACTION_VELOCITY,25,0.9783300757408142,2026-08-13T01:00:00.000Z
TX01018,transactions,C067,2026-08-13T01:41:42.000Z,48203.0,INR,CARD,SUCCESS,Delhi,Swift Mumbai,FUEL,velocity,HIGH_TRANSACTION_VELOCITY,25,0.9989103078842163,2026-08-13T01:00:00.000Z
TX01021,transactions,C067,2026-08-13T01:41:51.000Z,48973.0,INR,UPI,SUCCESS,Delhi,Prime Sydney,GROCERY,velocity,HIGH_TRANSACTION_VELOCITY,25,0.9989247918128967,2026-08-13T01:00:00.000Z
TX01020,transactions,C067,2026-08-13T01:41:58.000Z,10385.0,INR,CARD,SUCCESS,Mumbai,Bright Delhi,FOOD,velocity,HIGH_TRANSACTION_VELOCITY,25,0.9967279434204102,2026-08-13T01:00:00.000Z
TX01022,transactions,C067,2026-08-13T01:42:20.000Z,17002.0,INR,WALLET,SUCCESS,Delhi,Aurora Chennai,UTILITY,velocity,HIGH_TRANSACTION_VELOCITY,25,0.9941885471343994,2026-08-13T01:00:00.000Z
PAY00520,payments,C155,2026-08-13T02:04:13.000Z,49.0,AUD,CARD,FAILED,,Prime Sydney,GROCERY,payment_attack,CARD_TESTING_ATTACK,30,0.9904438853263855,2026-08-13T02:00:00.000Z
PAY00522,payments,C155,2026-08-13T02:04:15.000Z,84.0,AUD,CARD,FAILED,,Prime Sydney,GROCERY,payment_attack,CARD_TESTING_ATTACK,30,0.9996054768562317,2026-08-13T02:00:00.000Z
PAY00521,payments,C155,2026-08-13T02:04:16.000Z,115.0,AUD,WALLET,FAILED,,Bright Sydney,TRAVEL,payment_attack,CARD_TESTING_ATTACK,30,0.9998319149017334,2026-08-13T02:00:00.000Z
PAY00523,payments,C155,2026-08-13T02:04:16.000Z,127.0,AUD,CARD,FAILED,,Prime Sydney,GROCERY,payment_attack,CARD_TESTING_ATTACK,30,0.999849796295166,2026-08-13T02:00:00.000Z
PAY00525,payments,C155,2026-08-13T02:04:18.000Z,105.0,AUD,CARD,FAILED,,Swift Hyderabad,GROCERY,payment_attack,CARD_TESTING_ATTACK,30,0.9998708963394165,2026-08-13T02:00:00.000Z
PAY00524,payments,C155,2026-08-13T02:04:21.000Z,84.0,AUD,UPI,FAILED,,Bright Sydney,TRAVEL,payment_attack,CARD_TESTING_ATTACK,30,0.9998319149017334,2026-08-13T02:00:00.000Z
PAY00528,payments,C155,2026-08-13T02:04:21.000Z,56.0,AUD,UPI,FAILED,,Bright Sydney,TRAVEL,payment_attack,CARD_TESTING_ATTACK,30,0.9998319149017334,2026-08-13T02:00:00.000Z
PAY00533,payments,C155,2026-08-13T02:04:26.000Z,47.0,AUD,UPI,FAILED,,Prime Sydney,GROCERY,payment_attack,CARD_TESTING_ATTACK,30,0.9998319149017334,2026-08-13T02:00:00.000Z
PAY00526,payments,C155,2026-08-13T02:04:31.000Z,79.0,AUD,CARD,FAILED,,Prime Sydney,GROCERY,payment_attack,CARD_TESTING_ATTACK,30,0.999849796295166,2026-08-13T02:00:00.000Z
PAY00532,payments,C155,2026-08-13T02:04:37.000Z,84.0,AUD,UPI,FAILED,,Prime Sydney,GROCERY,payment_attack,CARD_TESTING_ATTACK,30,0.9998319149017334,2026-08-13T02:00:00.000Z
PAY00527,payments,C155,2026-08-13T02:04:41.000Z,130.0,AUD,CARD,FAILED,,Prime Sydney,GROCERY,payment_attack,CARD_TESTING_ATTACK,30,0.999849796295166,2026-08-13T02:00:00.000Z
PAY00529,payments,C155,2026-08-13T02:04:49.000Z,121.0,AUD,CARD,FAILED,,Swift London,PHARMACY,payment_attack,CARD_TESTING_ATTACK,30,0.999849796295166,2026-08-13T02:00:00.000Z
PAY00530,payments,C155,2026-08-13T02:04:53.000Z,39.0,AUD,UPI,FAILED,,Aurora Chennai,UTILITY,payment_attack,CARD_TESTING_ATTACK,30,0.9998553991317749,2026-08-13T02:00:00.000Z
PAY00531,payments,C155,2026-08-13T02:04:57.000Z,95.0,AUD,CARD,FAILED,,Metro Tokyo,TRAVEL,payment_attack,CARD_TESTING_ATTACK,30,0.999849796295166,2026-08-13T02:00:00.000Z
TX01064,transactions,C190,2026-08-13T02:25:14.000Z,2278.0,AED,CARD,SUCCESS,Dubai,Swift Dubai,TRANSFER,velocity,HIGH_TRANSACTION_VELOCITY,25,0.013522190973162651,2026-08-13T02:00:00.000Z
TX01065,transactions,C190,2026-08-13T02:25:23.000Z,3597.0,AED,UPI,SUCCESS,Dubai,Swift Dubai,TRANSFER,velocity,HIGH_TRANSACTION_VELOCITY,25,0.9991635084152222,2026-08-13T02:00:00.000Z
TX01066,transactions,C190,2026-08-13T02:25:24.000Z,456.0,AED,CARD,SUCCESS,Dubai,Summit Dubai,ELECTRONICS,velocity,HIGH_TRANSACTION_VELOCITY,25,0.9965733289718628,2026-08-13T02:00:00.000Z
TX01069,transactions,C190,2026-08-13T02:25:39.000Z,781.0,AED,CARD,SUCCESS,Dubai,Swift Dubai,TRANSFER,velocity,HIGH_TRANSACTION_VELOCITY,25,0.9984697699546814,2026-08-13T02:00:00.000Z
TX01067,transactions,C190,2026-08-13T02:25:59.000Z,3074.0,AED,UPI,SUCCESS,Dubai,Swift Dubai,TRANSFER,velocity,HIGH_TRANSACTION_VELOCITY,25,0.9986899495124817,2026-08-13T02:00:00.000Z
TX01068,transactions,C190,2026-08-13T02:26:14.000Z,651.0,AED,UPI,SUCCESS,Dubai,Summit Dubai,ELECTRONICS,velocity,HIGH_TRANSACTION_VELOCITY,25,0.9975571632385254,2026-08-13T02:00:00.000Z
TX01070,transactions,C190,2026-08-13T02:26:14.000Z,802.0,AED,UPI,SUCCESS,Dubai,Quantum Dubai,ELECTRONICS,velocity,HIGH_TRANSACTION_VELOCITY,25,0.9976593255996704,2026-08-13T02:00:00.000Z
TX01071,transactions,C190,2026-08-13T02:26:24.000Z,815.0,AED,CARD,SUCCESS,Dubai,Aurora Dubai,DIGITAL,velocity,HIGH_TRANSACTION_VELOCITY,25,0.9971469044685364,2026-08-13T02:00:00.000Z
TX01096,transactions,C116,2026-08-13T02:56:08.000Z,177477.0,INR,UPI,SUCCESS,Chennai,Horizon Bangalore,TRAVEL,login_transaction,LOGIN_TRANSACTION_CORRELATION,20,0.9873880743980408,2026-08-13T02:00:00.000Z
TX01091,transactions,C094,2026-08-13T03:02:35.000Z,4590.0,GBP,WALLET,SUCCESS,Singapore,Horizon London,FASHION,impossible_travel,IMPOSSIBLE_TRAVEL,30,0.995062530040741,2026-08-13T03:00:00.000Z
TX01023,transactions,C007,2026-08-13T05:18:24.000Z,8492.0,INR,UPI,SUCCESS,Mumbai,Swift Mumbai,FUEL,velocity,HIGH_TRANSACTION_VELOCITY,25,0.9462853670120239,2026-08-13T05:00:00.000Z
TX01024,transactions,C007,2026-08-13T05:18:31.000Z,18158.0,INR,CARD,SUCCESS,Mumbai,Horizon Chicago,GROCERY,velocity,HIGH_TRANSACTION_VELOCITY,25,0.9955334663391113,2026-08-13T05:00:00.000Z
TX01025,transactions,C007,2026-08-13T05:18:44.000Z,22883.0,INR,CARD,SUCCESS,Mumbai,Swift Dubai,TRANSFER,velocity,HIGH_TRANSACTION_VELOCITY,25,0.9991244673728943,2026-08-13T05:00:00.000Z
TX01026,transactions,C007,2026-08-13T05:18:45.000Z,10065.0,INR,CARD,SUCCESS,Mumbai,Horizon Bangalore,TRAVEL,velocity,HIGH_TRANSACTION_VELOCITY,25,0.998683512210846,2026-08-13T05:00:00.000Z
TX01028,transactions,C007,2026-08-13T05:18:49.000Z,13372.0,INR,CARD,SUCCESS,Mumbai,Prime Sydney,GROCERY,velocity,HIGH_TRANSACTION_VELOCITY,25,0.9977573752403259,2026-08-13T05:00:00.000Z
TX01027,transactions,C007,2026-08-13T05:18:52.000Z,45036.0,INR,CARD,SUCCESS,Mumbai,Quantum Hyderabad,FASHION,velocity,HIGH_TRANSACTION_VELOCITY,25,0.9997945427894592,2026-08-13T05:00:00.000Z
TX01029,transactions,C007,2026-08-13T05:19:00.000Z,12622.0,INR,UPI,SUCCESS,Delhi,Summit New York,RETAIL,velocity,HIGH_TRANSACTION_VELOCITY,25,0.9982604384422302,2026-08-13T05:00:00.000Z
TX01030,transactions,C007,2026-08-13T05:20:02.000Z,9541.0,INR,CARD,SUCCESS,Mumbai,Summit Chennai,FUEL,velocity,HIGH_TRANSACTION_VELOCITY,25,0.03770881146192551,2026-08-13T05:00:00.000Z
PAY00477,payments,C146,2026-08-13T06:06:48.000Z,215.0,INR,CARD,FAILED,,Quantum Hyderabad,FASHION,payment_attack,CARD_TESTING_ATTACK,30,0.9950764775276184,2026-08-13T06:00:00.000Z
PAY00478,payments,C146,2026-08-13T06:06:51.000Z,341.0,INR,UPI,FAILED,,Quantum Hyderabad,FASHION,payment_attack,CARD_TESTING_ATTACK,30,0.9996558427810669,2026-08-13T06:00:00.000Z
PAY00480,payments,C146,2026-08-13T06:06:54.000Z,133.0,INR,CARD,FAILED,,Swift London,PHARMACY,payment_attack,CARD_TESTING_ATTACK,30,0.9998875856399536,2026-08-13T06:00:00.000Z
PAY00479,payments,C146,2026-08-13T06:06:56.000Z,169.0,INR,CARD,FAILED,,Aurora Chennai,UTILITY,payment_attack,CARD_TESTING_ATTACK,30,0.9998875856399536,2026-08-13T06:00:00.000Z
PAY00481,payments,C146,2026-08-13T06:06:56.000Z,528.0,INR,CARD,FAILED,,Peak Chennai,DIGITAL,payment_attack,CARD_TESTING_ATTACK,30,0.9998875856399536,2026-08-13T06:00:00.000Z
PAY00486,payments,C146,2026-08-13T06:06:57.000Z,239.0,INR,CARD,FAILED,,Aurora Chennai,UTILITY,payment_attack,CARD_TESTING_ATTACK,30,0.9998692274093628,2026-08-13T06:00:00.000Z
PAY00483,payments,C146,2026-08-13T06:07:00.000Z,525.0,INR,UPI,FAILED,,Global Delhi,FASHION,payment_attack,CARD_TESTING_ATTACK,30,0.9998526573181152,2026-08-13T06:00:00.000Z
PAY00485,payments,C146,2026-08-13T06:07:04.000Z,226.0,INR,CARD,FAILED,,Quantum Hyderabad,FASHION,payment_attack,CARD_TESTING_ATTACK,30,0.9998692274093628,2026-08-13T06:00:00.000Z
PAY00482,payments,C146,2026-08-13T06:07:08.000Z,536.0,INR,UPI,FAILED,,Swift Mumbai,FUEL,payment_attack,CARD_TESTING_ATTACK,30,0.9998732805252075,2026-08-13T06:00:00.000Z
PAY00488,payments,C146,2026-08-13T06:07:10.000Z,282.0,INR,UPI,FAILED,,Summit Chennai,FUEL,payment_attack,CARD_TESTING_ATTACK,30,0.9998732805252075,2026-08-13T06:00:00.000Z
PAY00484,payments,C146,2026-08-13T06:07:16.000Z,301.0,INR,WALLET,FAILED,,Peak Chennai,DIGITAL,payment_attack,CARD_TESTING_ATTACK,30,0.9998526573181152,2026-08-13T06:00:00.000Z
PAY00487,payments,C146,2026-08-13T06:07:18.000Z,400.0,INR,UPI,FAILED,,Horizon Bangalore,TRAVEL,payment_attack,CARD_TESTING_ATTACK,30,0.9998732805252075,2026-08-13T06:00:00.000Z
TX01073,transactions,C040,2026-08-13T06:11:08.000Z,128921.0,INR,CARD,SUCCESS,Singapore,Swift Bangalore,RETAIL,impossible_travel,IMPOSSIBLE_TRAVEL,30,0.998664140701294,2026-08-13T06:00:00.000Z
TX01087,transactions,C187,2026-08-13T06:29:59.000Z,137209.0,INR,NETBANKING,SUCCESS,Toronto,Horizon London,FASHION,impossible_travel,IMPOSSIBLE_TRAVEL,30,0.9993454813957214,2026-08-13T06:00:00.000Z
TX01038,transactions,C159,2026-08-13T08:30:29.000Z,4534.0,USD,UPI,SUCCESS,Chicago,Swift New York,FUEL,velocity,HIGH_TRANSACTION_VELOCITY,25,0.9445548057556152,2026-08-13T08:00:00.000Z
TX01039,transactions,C159,2026-08-13T08:30:44.000Z,6218.0,USD,WALLET,SUCCESS,Chicago,Peak Mumbai,UTILITY,velocity,HIGH_TRANSACTION_VELOCITY,25,0.9981135129928589,2026-08-13T08:00:00.000Z
TX01041,transactions,C159,2026-08-13T08:30:47.000Z,4406.0,USD,UPI,SUCCESS,Chicago,Horizon Chicago,GROCERY,velocity,HIGH_TRANSACTION_VELOCITY,25,0.9994331002235413,2026-08-13T08:00:00.000Z
TX01040,transactions,C159,2026-08-13T08:30:59.000Z,3281.0,USD,CARD,SUCCESS,Chicago,Peak New York,PHARMACY,velocity,HIGH_TRANSACTION_VELOCITY,25,0.9980093836784363,2026-08-13T08:00:00.000Z
TX01043,transactions,C159,2026-08-13T08:31:04.000Z,1653.0,USD,UPI,SUCCESS,Chicago,Swift New York,FUEL,velocity,HIGH_TRANSACTION_VELOCITY,25,0.9980000853538513,2026-08-13T08:00:00.000Z
TX01044,transactions,C159,2026-08-13T08:31:05.000Z,2153.0,USD,UPI,SUCCESS,New York,Swift New York,FUEL,velocity,HIGH_TRANSACTION_VELOCITY,25,0.9974658489227295,2026-08-13T08:00:00.000Z
TX01042,transactions,C159,2026-08-13T08:31:17.000Z,3948.0,USD,CARD,SUCCESS,Chicago,Horizon Chicago,GROCERY,velocity,HIGH_TRANSACTION_VELOCITY,25,0.9992251396179199,2026-08-13T08:00:00.000Z
PAY00536,payments,C100,2026-08-13T08:54:09.000Z,830.0,INR,UPI,FAILED,,Peak Mumbai,UTILITY,payment_attack,CARD_TESTING_ATTACK,30,0.9901419281959534,2026-08-13T08:00:00.000Z
PAY00537,payments,C100,2026-08-13T08:54:10.000Z,487.0,INR,CARD,FAILED,,Nova Bangalore,PHARMACY,payment_attack,CARD_TESTING_ATTACK,30,0.9996935129165649,2026-08-13T08:00:00.000Z
PAY00538,payments,C100,2026-08-13T08:54:17.000Z,1009.0,INR,WALLET,FAILED,,Bright Sydney,TRAVEL,payment_attack,CARD_TESTING_ATTACK,30,0.9998464584350586,2026-08-13T08:00:00.000Z
PAY00545,payments,C100,2026-08-13T08:54:18.000Z,730.0,INR,CARD,FAILED,,Aurora Chennai,UTILITY,payment_attack,CARD_TESTING_ATTACK,30,0.9998857975006104,2026-08-13T08:00:00.000Z
PAY00547,payments,C100,2026-08-13T08:54:20.000Z,489.0,INR,CARD,FAILED,,Swift San Francisco,TRANSFER,payment_attack,CARD_TESTING_ATTACK,30,0.9998857975006104,2026-08-13T08:00:00.000Z
PAY00539,payments,C100,2026-08-13T08:54:21.000Z,391.0,INR,CARD,FAILED,,Prime Hyderabad,UTILITY,payment_attack,CARD_TESTING_ATTACK,30,0.99986732006073,2026-08-13T08:00:00.000Z
PAY00542,payments,C100,2026-08-13T08:54:21.000Z,172.0,INR,CARD,FAILED,,Nova Bangalore,PHARMACY,payment_attack,CARD_TESTING_ATTACK,30,0.99986732006073,2026-08-13T08:00:00.000Z
PAY00548,payments,C100,2026-08-13T08:54:21.000Z,630.0,INR,CARD,FAILED,,Metro Kolkata,DIGITAL,payment_attack,CARD_TESTING_ATTACK,30,0.9998857975006104,2026-08-13T08:00:00.000Z
PAY00543,payments,C100,2026-08-13T08:54:23.000Z,510.0,INR,CARD,FAILED,,Summit Chennai,FUEL,payment_attack,CARD_TESTING_ATTACK,30,0.9998857975006104,2026-08-13T08:00:00.000Z
PAY00540,payments,C100,2026-08-13T08:54:25.000Z,626.0,INR,CARD,FAILED,,Bright Delhi,FOOD,payment_attack,CARD_TESTING_ATTACK,30,0.9998857975006104,2026-08-13T08:00:00.000Z
PAY00541,payments,C100,2026-08-13T08:54:29.000Z,955.0,INR,CARD,FAILED,,Metro Kolkata,DIGITAL,payment_attack,CARD_TESTING_ATTACK,30,0.9998493194580078,2026-08-13T08:00:00.000Z
PAY00544,payments,C100,2026-08-13T08:54:33.000Z,658.0,INR,UPI,FAILED,,Peak Mumbai,UTILITY,payment_attack,CARD_TESTING_ATTACK,30,0.9998493194580078,2026-08-13T08:00:00.000Z
PAY00546,payments,C100,2026-08-13T08:54:39.000Z,677.0,INR,WALLET,FAILED,,Swift Mumbai,FUEL,payment_attack,CARD_TESTING_ATTACK,30,0.9998704195022583,2026-08-13T08:00:00.000Z
PAY00549,payments,C100,2026-08-13T08:55:01.000Z,275.0,INR,CARD,FAILED,,Peak Chennai,DIGITAL,payment_attack,CARD_TESTING_ATTACK,30,0.9995537400245667,2026-08-13T08:00:00.000Z
TX01075,transactions,C117,2026-08-13T09:34:06.000Z,11364.0,GBP,NETBANKING,SUCCESS,New York,Horizon London,FASHION,impossible_travel,IMPOSSIBLE_TRAVEL,30,0.998134195804596,2026-08-13T09:00:00.000Z
TX01108,transactions,C181,2026-08-13T09:39:51.000Z,121069.0,INR,PAY_LATER,SUCCESS,Hyderabad,Peak Chennai,DIGITAL,high_value,HIGH_VALUE_ANOMALY,25,0.97273850440979,2026-08-13T09:00:00.000Z
